,files,zero_crossing_rate,spectral_centroid,spectral_rolloff,mfcc_1,mfcc_2,mfcc_3,mfcc_4,mfcc_5,mfcc_6,mfcc_7,mfcc_8,mfcc_9,mfcc_10,mfcc_11,mfcc_12,mfcc_13,labels,y
0,good. 1.wav,0.1030184130423224,2750.379366793491,6318.483854526664,-47.23468780517578,78.2430648803711,28.49169731140137,18.061174392700195,0.7506463527679443,18.693038940429688,-3.5117647647857666,5.830775737762451,-1.3951585292816162,6.283493041992188,-2.8070218563079834,8.52382755279541,1.012057900428772,good,2
1,good. 2.wav,0.13212029675692696,2795.1775419407195,5845.087644639482,-16.732954025268555,70.02289581298828,-8.232270240783691,18.41549491882324,-0.9480908513069152,5.626129627227783,-1.9374200105667116,0.7157893776893616,-1.258971095085144,-0.052199847996234894,-5.366149425506592,2.671077013015747,-0.9469894170761108,good,2
2,great.  2.wav,0.0879567811547256,2163.7276899135427,4739.619506835938,-46.94854354858398,95.57984924316406,7.030135631561278,23.72904968261719,3.633696794509888,2.2193403244018555,1.3766026496887207,4.498571395874023,-2.8431880474090576,2.0867130756378174,-4.560609817504883,2.1756441593170166,-1.123822569847107,great,3
3,great. 1.wav,0.09799753847894976,2324.7654199602794,5116.093859968276,-58.22541809082031,94.41088104248048,-2.8317046165466313,9.06606674194336,2.6111128330230717,-5.065384864807129,-1.1187763214111328,1.9155319929122925,0.6954964995384216,4.087086200714111,-7.2750792503356925,-2.476016998291016,-4.944753646850586,great,3
4,ok. 1.wav,0.04661545834181827,1687.781539179812,3640.386871743908,-207.84039306640625,96.3446044921875,2.308804035186768,26.56587219238281,11.916038513183596,13.450641632080078,14.083391189575195,10.777956008911133,3.3302021026611333,8.661508560180664,1.8921881914138796,9.06525993347168,7.316267490386963,ok,1
5,ok. 2.wav,0.053229009854305086,1475.4748176524795,2873.919535792151,-173.98324584960938,131.88221740722656,17.768346786499023,25.62847137451172,-3.3713836669921875,-2.8816404342651367,-5.445882320404053,3.0624680519104004,-12.815329551696776,-2.4379708766937256,-9.548293113708496,-4.631030082702637,-8.760435104370117,ok,1
