files,zero_crossing_rate,spectral_centroid,spectral_rolloff,mfcc_1,mfcc_2,mfcc_3,mfcc_4,mfcc_5,mfcc_6,mfcc_7,mfcc_8,mfcc_9,mfcc_10,mfcc_11,mfcc_12,mfcc_13,labels
<DirEntry 'good. 1.wav'>,0.10301841304232241,2750.3793667934915,6318.483854526664,-47.23468780517578,78.2430648803711,28.491697311401367,18.061174392700195,0.7506463527679443,18.693038940429688,-3.5117647647857666,5.830775737762451,-1.3951585292816162,6.2834930419921875,-2.8070218563079834,8.52382755279541,1.012057900428772,good
<DirEntry 'good. 2.wav'>,0.13212029675692696,2795.1775419407195,5845.087644639483,-16.732954025268555,70.02289581298828,-8.232270240783691,18.415494918823242,-0.9480908513069153,5.626129627227783,-1.9374200105667114,0.7157893776893616,-1.258971095085144,-0.052199847996234894,-5.366149425506592,2.671077013015747,-0.9469894170761108,good
<DirEntry 'great.  2.wav'>,0.0879567811547256,2163.7276899135422,4739.6195068359375,-46.948543548583984,95.57984924316406,7.030135631561279,23.729049682617188,3.6336967945098877,2.2193403244018555,1.3766026496887207,4.498571395874023,-2.8431880474090576,2.0867130756378174,-4.560609817504883,2.1756441593170166,-1.123822569847107,great
<DirEntry 'great. 1.wav'>,0.09799753847894975,2324.7654199602794,5116.093859968276,-58.22541809082031,94.41088104248047,-2.831704616546631,9.06606674194336,2.6111128330230713,-5.065384864807129,-1.1187763214111328,1.9155319929122925,0.6954964995384216,4.087086200714111,-7.275079250335693,-2.4760169982910156,-4.944753646850586,great
<DirEntry 'ok. 1.wav'>,0.04661545834181827,1687.781539179812,3640.3868717439077,-207.84039306640625,96.3446044921875,2.3088040351867676,26.565872192382812,11.916038513183594,13.450641632080078,14.083391189575195,10.777956008911133,3.330202102661133,8.661508560180664,1.8921881914138794,9.06525993347168,7.316267490386963,ok
<DirEntry 'ok. 2.wav'>,0.05322900985430509,1475.4748176524797,2873.9195357921512,-173.98324584960938,131.88221740722656,17.768346786499023,25.62847137451172,-3.3713836669921875,-2.8816404342651367,-5.445882320404053,3.0624680519104004,-12.815329551696777,-2.4379708766937256,-9.548293113708496,-4.631030082702637,-8.760435104370117,ok
